"S.No.","Module / Theme","Feature Name","Detailed Description & Changes","Type","Business / Stakeholder Value"
"1","Cancellation Flow","Configurable Cancellation Modes","Hoteliers choose between 'Instant Automatic' or 'Approval-Based Request' flows. Includes fee auto-calculation, backend status enum, and guest portal UI warnings.","Full-Stack","Protects Hotel Revenue: Hoteliers can pause/review cancellations before refunding, minimizing last-minute losses."
"2","Staff & User Access","Hotel-Centric User Management","Removed global user listings. Added an employee registration dialog inside each hotel's setting workspace.","Security / BE","SaaS Privacy & Security: Ensures client data separation. Multi-tenant security means users only see members of their own hotel."
"3","Access Matrix","Dynamic Role & Permissions","Implemented role-based permission matrices (Owner, Manager, Staff) with routing-level security enforcement.","Full-Stack","Operational Controls: Owner can control who can view financial dashboards, adjust rates, or edit integrations."
"4","Super Admin Suite","Admin Diagnostics & Impersonation","Added system diagnostics utility, MRR & subscription breakdowns, AI usage/token tracking, and secure impersonation exit banners.","Full-Stack","System Auditing: Lets SaaS platform owners track revenue metrics, debug client states instantly, and manage cloud costs."
"5","Availability Calendar","Premium Calendar Grid Redesign","Built a color-coded availability grid, occupancy percentage indicators, quick action block panels, and weekend override controls.","Frontend / BE","PMS Productivity: Operations staff can block inventory, change rates, and see real-time room statuses in 1 click."
"6","Widget Designer","Widget Layout Mockup Selector","Added selectors for Modern Row, Classic Stacked, Minimal Bar, and Premium Capsule designs in the integration dashboard.","Frontend","Direct Bookings Boost: Allows hoteliers to custom-brand their booking widget to match their external site aesthetics."
"7","Dynamic Styling","Live Dynamic Hotel Branding","Replaced hardcoded purple colors with the hotel's custom brand primary color dynamically fetched from backend properties.","Styling","White-label Experience: Allows guest-facing booking widgets to perfectly blend with the resort's existing brand guidelines."
"8","Widget Responsive Repairs","Responsive Iframe Integration","Resolved iframe clipping in small viewports, automated heights via ResizeObserver, and added Popover calendar selectors.","Frontend","Low Friction Checkouts: Guest checkouts won't fail or crop on mobile sites, maximizing conversion ratios."
"9","Booking Stepper","Mobile-First Public Booking","Developed a mobile-first public booking flow with stepper checkout, room filtering, glassmorphism design, and policy displays.","Guest Portal","Modern UX: Elevates brand perception on smartphones. Speeds up booking completions with easy step indicator guides."
"10","Data & Analytics","CSV Export & Lead Filters","Integrated booking source indicators (Widget/Direct/OTA), AI lead tags, and CSV export buttons.","Full-Stack","Business Intelligence: Managers can download spreadsheets of reservations, target marketing campaigns, and track ROI."
"11","Branding Consistency","Global Dark Mode Pass","Enforced light mode on public guest-facing pages for brand guidelines; executed semantic dark mode replacements across 26 PMS files.","Styling","Accessibility: Smooth night-operating experience for staff, while keeping customer checkouts clean and light-themed."
"12","Bug Fixes","System Stability Patches","Resolved postgres query rollovers, fixed RoomBlock date queries in weekend override, and removed duplicate imports.","Infrastructure","Zero Downtime: Fixes critical database/SQL errors, ensuring 24/7 calendar availability and payment operations."
